<?xml version="1.0" encoding="UTF-8"?>
<sk:systemKeys xmlns:sk="http://pingidentity.com/2018/01/system-keys">
    <sk:currentKey>
        <sk:key>eyJhbGciOiJkaXIiLCJlbmMiOiJBMTI4Q0JDLUhTMjU2Iiwia2lkIjoibEFuNnE1NTZqRSIsInZlcnNpb24iOiIxMC4yLjIuMCIsInppcCI6IkRFRiJ9..h67xIx4_MLwCzus91jKTgA.SuiL0cRorAG0kpxLUyWqQ6oBB70DTaNY_3o8Fqj22qIvDdLref8EuDUkiVE0YcUH.ObKm20J7sQTPR0q2u16SWg</sk:key>
        <sk:generatedTime>2021-04-23T01:42:29.509-04:00</sk:generatedTime>
    </sk:currentKey>
    <sk:previousKey xsi:nil="true" xmlns:xsi="http://www.w3.org/2001/XMLSchema-instance"/>
    <sk:pendingKey>
        <sk:key>eyJhbGciOiJkaXIiLCJlbmMiOiJBMTI4Q0JDLUhTMjU2Iiwia2lkIjoibEFuNnE1NTZqRSIsInZlcnNpb24iOiIxMC4yLjIuMCIsInppcCI6IkRFRiJ9..MVIz4EAXNT7ivJ15E4h7Qw.l2BxIePS36Xwo5YSsqTez9l2aMv8SDZ4JPZEg3KlCueKGybBrNiuNhdsI9hHA-OT.n3UqEw1eO3AKIDc0T5Hhig</sk:key>
        <sk:generatedTime>2021-04-23T01:42:29.509-04:00</sk:generatedTime>
    </sk:pendingKey>
</sk:systemKeys>